"Mohamed Ehab",mohamed@mo.co,f7c3bc1d808e04732adf679965ccc34ca7ae3441
"Ahmed Teama",ahmed@aa.te,545c562a9d01dfaef9fb4e72c14010d2c4862a8b
"Amr Teama",amr@aa.aa,6b63d2a490228d003c055c36430ba00666db7ff7
Mahmoud,7oda@aa.aa,95794aafdc616a663ec81bee7675a639278f3aa3
Ali,al@al.al,4b2b79b6f371ca18f1216461cffeaddf6848a50e
"Mohamed Teama",mo@mo.mo,7c4a8d09ca3762af61e59520943dc26494f8941b
MOKKA,mokka@mo.mo,20eabe5d64b0e216796e834f52d61fd0b70332fc
"Mohamed Ehab Teama",mohamed@aa.aa,01b307acba4f54f55aafc33bb06bbbf6ca803e9a
"Mohamed Ahmed",mohamed@aa.aa,7c4a8d09ca3762af61e59520943dc26494f8941b
Esraa,esoo@ss.ss,f7a9e24777ec23212c54d7a350bc5bea5477fdbb
Soly,ss@ss.ss,1e3633c9d2260d5131566a467958c05cf97aad1a
"Esraa Soliman",esraa@es.com,7c4a8d09ca3762af61e59520943dc26494f8941b
Hager,hager@ha.com,7c4a8d09ca3762af61e59520943dc26494f8941b
